Max,Min,Average,Median
2497,535,544.5755334882738,544.0
2555,535,544.9458,544.0
--------
mq_workload
Max,Min,Average,Median
2497,535,544.5755334882738,544.0
2555,535,544.9458,544.0
