Max,Min,Average,Median
191,155,168.49513381995135,168.0
482,157,169.26705341068214,168.0
493,157,169.1506301260252,168.0
187,157,168.39167833566714,168.0
480,157,170.04620924184837,168.0
191,157,168.47949589917982,168.0
480,160,168.63292658531705,168.0
