Min,Average,Median
155,168.49513381995135,168.0
157,169.26705341068214,168.0
157,169.1506301260252,168.0
157,168.39167833566714,168.0
157,170.04620924184837,168.0
157,168.47949589917982,168.0
160,168.63292658531705,168.0
