Min,Average,Median
1569,7054701.806161232,5207010.0
1578,6192380.145229046,4673922.0
1569,5646211.264252851,2999553.0
1578,6182078.8561712345,2230630.0
1561,6077937.704340869,5252708.0
